"index","MONTH","YEAR","DAYS","REPORT_DATE","JOURNEY_TYPE","JOURNEYS_MILLIONS"
"0","1","2010","31","2010-06-30T00:00:00.000","Underground & DLR","96.83639076"
"1","2","2010","28","2010-06-30T00:00:00.000","Underground & DLR","90.33050361"
"2","3","2010","31","2010-06-30T00:00:00.000","Underground & DLR","90.03801412"
"3","4","2010","30","2010-09-30T00:00:00.000","Underground & DLR","92.5440925"
"4","5","2010","31","2010-09-30T00:00:00.000","Underground & DLR","88.66291085"
"5","6","2010","30","2010-09-30T00:00:00.000","Underground & DLR","86.3757023"
"6","7","2010","31","2010-12-31T00:00:00.000","Underground & DLR","94.98603486"
"7","8","2010","31","2010-12-31T00:00:00.000","Underground & DLR","97.02479406"
"8","9","2010","30","2010-12-31T00:00:00.000","Underground & DLR","97.02963968"
"9","10","2010","31","2011-03-31T00:00:00.000","Underground & DLR","77.36997907"
"10","11","2010","30","2011-03-31T00:00:00.000","Underground & DLR","90.6912942"
"11","12","2010","31","2011-03-31T00:00:00.000","Underground & DLR","94.25623237"
"12","1","2011","31","2011-06-30T00:00:00.000","Underground & DLR","97.63677178"
"13","2","2011","28","2011-06-30T00:00:00.000","Underground & DLR","94.10294338"
"14","3","2011","31","2011-06-30T00:00:00.000","Underground & DLR","94.98939582"
"15","4","2011","30","2011-09-30T00:00:00.000","Underground & DLR","98.90630154"
"16","5","2011","31","2011-09-30T00:00:00.000","Underground & DLR","91.7110092"
"17","6","2011","30","2011-09-30T00:00:00.000","Underground & DLR","91.7186178"
"18","7","2011","31","2011-12-31T00:00:00.000","Underground & DLR","100.5865731"
"19","8","2011","31","2011-12-31T00:00:00.000","Underground & DLR","103.1316347"
"20","9","2011","30","2011-12-31T00:00:00.000","Underground & DLR","104.1936729"
"21","10","2011","31","2012-03-31T00:00:00.000","Underground & DLR","84.50097107"
"22","11","2011","30","2012-03-31T00:00:00.000","Underground & DLR","96.70548698"
"23","12","2011","31","2012-03-31T00:00:00.000","Underground & DLR","98.46427621"
"24","1","2012","31","2012-06-30T00:00:00.000","Underground & DLR","95.63930738"
"25","2","2012","29","2012-06-30T00:00:00.000","Underground & DLR","99.96382228"
"26","3","2012","31","2012-06-30T00:00:00.000","Underground & DLR","96.64137128"
"27","4","2012","30","2012-09-30T00:00:00.000","Underground & DLR","104.8355659"
"28","5","2012","31","2012-09-30T00:00:00.000","Underground & DLR","113.6290531"
"29","6","2012","30","2012-09-30T00:00:00.000","Underground & DLR","102.6284804"
"30","7","2012","31","2012-12-31T00:00:00.000","Underground & DLR","105.8802169"
"31","8","2012","31","2012-12-31T00:00:00.000","Underground & DLR","108.3931857"
"32","9","2012","30","2012-12-31T00:00:00.000","Underground & DLR","109.5871702"
"33","10","2012","31","2013-03-31T00:00:00.000","Underground & DLR","84.72737956"
"34","11","2012","30","2013-03-31T00:00:00.000","Underground & DLR","98.97087593"
"35","12","2012","31","2013-03-31T00:00:00.000","Underground & DLR","104.2526944"
"36","1","2013","31","2013-06-30T00:00:00.000","Underground & DLR","99.74275141"
"37","2","2013","28","2013-06-30T00:00:00.000","Underground & DLR","105.064674"
"38","3","2013","31","2013-06-30T00:00:00.000","Underground & DLR","103.5364018"
"39","4","2013","30","2013-09-30T00:00:00.000","Underground & DLR","108.8441132"
"40","5","2013","31","2013-09-30T00:00:00.000","Underground & DLR","101.6331038"
"41","6","2013","30","2013-09-30T00:00:00.000","Underground & DLR","98.1570731"
"42","7","2013","31","2013-12-31T00:00:00.000","Underground & DLR","109.3813773"
"43","8","2013","31","2013-12-31T00:00:00.000","Underground & DLR","111.9729676"
"44","9","2013","30","2013-12-31T00:00:00.000","Underground & DLR","114.5651738"
"45","10","2013","31","2014-03-31T00:00:00.000","Underground & DLR","90.35986225"
"46","11","2013","30","2014-03-31T00:00:00.000","Underground & DLR","104.5940478"
"47","12","2013","31","2014-03-31T00:00:00.000","Underground & DLR","102.5768518"
"48","1","2014","31","2014-06-30T00:00:00.000","Underground & DLR","96.35747096"
"49","2","2014","28","2014-06-30T00:00:00.000","Underground & DLR","100.5217034"
"50","3","2014","31","2014-06-30T00:00:00.000","Underground & DLR","106.4923425"
"51","4","2014","30","2014-09-30T00:00:00.000","Underground & DLR","110.8696577"
"52","5","2014","31","2014-09-30T00:00:00.000","Underground & DLR","105.4292456"
"53","6","2014","30","2014-09-30T00:00:00.000","Underground & DLR","101.3265798"
"54","7","2014","31","2014-12-31T00:00:00.000","Underground & DLR","112.7901406"
"55","8","2014","31","2014-12-31T00:00:00.000","Underground & DLR","117.76628"
"56","9","2014","30","2014-12-31T00:00:00.000","Underground & DLR","120.3404409"
"57","10","2014","31","2015-03-31T00:00:00.000","Underground & DLR","93.94082233"
"58","11","2014","30","2015-03-31T00:00:00.000","Underground & DLR","108.7752426"
"59","12","2014","31","2015-03-31T00:00:00.000","Underground & DLR","114.7452006"
"60","1","2015","31","2015-06-30T00:00:00.000","Underground & DLR","123.8548619"
"61","2","2015","28","2015-06-30T00:00:00.000","Underground & DLR","110.9363985"
"62","3","2015","31","2015-06-30T00:00:00.000","Underground & DLR","114.9055978"
"63","4","2015","30","2015-09-30T00:00:00.000","Underground & DLR","110.3057381"
"64","5","2015","31","2015-09-30T00:00:00.000","Underground & DLR","103.5202237"
"65","6","2015","30","2015-09-30T00:00:00.000","Underground & DLR","106.3357502"
"66","7","2015","31","2015-12-31T00:00:00.000","Underground & DLR","121.2626244"
"67","8","2015","31","2015-12-31T00:00:00.000","Underground & DLR","121.5570551"
"68","9","2015","30","2015-12-31T00:00:00.000","Underground & DLR","123.446096"
"69","10","2015","31","2016-03-31T00:00:00.000","Underground & DLR","92.48038021"
"70","11","2015","30","2016-03-31T00:00:00.000","Underground & DLR","116.0941034"
"71","12","2015","31","2016-03-31T00:00:00.000","Underground & DLR","118.7645367"
"72","1","2016","31","2016-06-30T00:00:00.000","Underground & DLR","124.5322923"
"73","2","2016","29","2016-06-30T00:00:00.000","Underground & DLR","115.2464109"
"74","3","2016","31","2016-06-30T00:00:00.000","Underground & DLR","113.4187527"
"75","4","2016","30","2016-09-30T00:00:00.000","Underground & DLR","118.4314553"
"76","5","2016","31","2016-09-30T00:00:00.000","Underground & DLR","110.0565025"
"77","6","2016","30","2016-09-30T00:00:00.000","Underground & DLR","107.5093825"
"78","7","2016","31","2016-12-31T00:00:00.000","Underground & DLR","120.0079534"
"79","8","2016","31","2016-12-31T00:00:00.000","Underground & DLR","122.6700472"
"80","9","2016","30","2016-12-31T00:00:00.000","Underground & DLR","126.7160291"
"81","10","2016","31","2017-03-31T00:00:00.000","Underground & DLR","96.57648637"
"82","11","2016","30","2017-03-31T00:00:00.000","Underground & DLR","111.459421"
"83","12","2016","31","2017-03-31T00:00:00.000","Underground & DLR","118.0162681"
"84","1","2017","31","2017-06-30T00:00:00.000","Underground & DLR","114.2706568"
"85","2","2017","28","2017-06-30T00:00:00.000","Underground & DLR","115.4927741"
"86","3","2017","31","2017-06-30T00:00:00.000","Underground & DLR","110.7642947"
"87","4","2017","30","2017-09-30T00:00:00.000","Underground & DLR","118.5452633"
"88","5","2017","31","2017-09-30T00:00:00.000","Underground & DLR","110.1956401"
"89","6","2017","30","2017-09-30T00:00:00.000","Underground & DLR","105.0908914"
"90","7","2017","31","2017-12-31T00:00:00.000","Underground & DLR","118.2085973"
"91","8","2017","31","2017-12-31T00:00:00.000","Underground & DLR","120.4664206"
"92","9","2017","30","2017-12-31T00:00:00.000","Underground & DLR","124.9023461"
"93","10","2017","31","2018-03-31T00:00:00.000","Underground & DLR","95.1068036"
"94","11","2017","30","2018-03-31T00:00:00.000","Underground & DLR","114.7345789"
"95","12","2017","31","2018-03-31T00:00:00.000","Underground & DLR","114.5119732"
"96","1","2018","31","2018-06-30T00:00:00.000","Underground & DLR","112.9114077"
"97","2","2018","28","2018-06-30T00:00:00.000","Underground & DLR","115.3119189"
"98","3","2018","31","2018-06-30T00:00:00.000","Underground & DLR","113.6166283"
"99","4","2018","30","2018-09-30T00:00:00.000","Underground & DLR","118.6820696"
"100","5","2018","31","2018-09-30T00:00:00.000","Underground & DLR","109.3244926"
"101","6","2018","30","2018-09-30T00:00:00.000","Underground & DLR","106.1268563"
"102","7","2018","31","2018-12-31T00:00:00.000","Underground & DLR","119.4499156"
"103","8","2018","31","2018-12-31T00:00:00.000","Underground & DLR","122.8427646"
"104","9","2018","30","2018-12-31T00:00:00.000","Underground & DLR","128.1559949"
"105","10","2018","31","2019-03-31T00:00:00.000","Underground & DLR","99.40385898"
"106","11","2018","30","2019-03-31T00:00:00.000","Underground & DLR","116.0488427"
"107","12","2018","31","2019-03-31T00:00:00.000","Underground & DLR","120.5413866"
"108","1","2019","31","2019-06-30T00:00:00.000","Underground & DLR","110.0272776"
"109","2","2019","28","2019-06-30T00:00:00.000","Underground & DLR","115.8457432"
"110","3","2019","31","2019-06-30T00:00:00.000","Underground & DLR","117.2677211"
"111","4","2019","30","2019-09-30T00:00:00.000","Underground & DLR","121.383085"
"112","5","2019","31","2019-09-30T00:00:00.000","Underground & DLR","112.1151585"
"113","6","2019","30","2019-09-30T00:00:00.000","Underground & DLR","108.1266944"
"114","7","2019","31","2019-12-31T00:00:00.000","Underground & DLR","121.7741123"
"115","8","2019","31","2019-12-31T00:00:00.000","Underground & DLR","123.2356757"
"116","9","2019","30","2019-12-31T00:00:00.000","Underground & DLR","127.3912004"
"117","10","2019","31","2020-03-31T00:00:00.000","Underground & DLR","98.71301509"
"118","11","2019","30","2020-03-31T00:00:00.000","Underground & DLR","115.0359661"
"119","12","2019","31","2020-03-31T00:00:00.000","Underground & DLR","115.52339"
"120","1","2020","31","2020-06-30T00:00:00.000","Underground & DLR","6.950756766"
"121","2","2020","29","2020-06-30T00:00:00.000","Underground & DLR","8.041099198"
"122","3","2020","31","2020-06-30T00:00:00.000","Underground & DLR","15.4406231"
"123","4","2020","30","2020-09-30T00:00:00.000","Underground & DLR","25.16060445"
"124","5","2020","31","2020-09-30T00:00:00.000","Underground & DLR","32.35450664"
"125","6","2020","30","2020-09-30T00:00:00.000","Underground & DLR","40.48165937"
"126","7","2020","31","2020-12-31T00:00:00.000","Underground & DLR","43.96023385"
"127","8","2020","31","2020-12-31T00:00:00.000","Underground & DLR","37.81227172"
"128","9","2020","30","2020-12-31T00:00:00.000","Underground & DLR","36.13152027"
"129","10","2020","31","2021-03-31T00:00:00.000","Underground & DLR","21.57123913"
"130","11","2020","30","2021-03-31T00:00:00.000","Underground & DLR","19.41306327"
"131","12","2020","31","2021-03-31T00:00:00.000","Underground & DLR","22.86173855"
"132","1","2021","31","2021-06-30T00:00:00.000","Underground & DLR","42.26403732"
"133","2","2021","28","2021-06-30T00:00:00.000","Underground & DLR","47.46783371"
"134","3","2021","31","2021-06-30T00:00:00.000","Underground & DLR","54.12393818"
"135","4","2021","30","2021-09-30T00:00:00.000","Underground & DLR","54.94853502"
"136","5","2021","31","2021-09-30T00:00:00.000","Underground & DLR","57.12025494"
"137","6","2021","30","2021-09-30T00:00:00.000","Underground & DLR","64.10997061"
"138","7","2021","31","2021-12-31T00:00:00.000","Underground & DLR","76.82103574"
"139","8","2021","31","2021-12-31T00:00:00.000","Underground & DLR","80.85394361"
"140","9","2021","30","2021-12-31T00:00:00.000","Underground & DLR","82.78647055"
"141","10","2021","31","2022-03-31T00:00:00.000","Underground & DLR","49.91020194"
"142","11","2021","30","2022-03-31T00:00:00.000","Underground & DLR","66.10711783"
"143","12","2021","31","2022-03-31T00:00:00.000","Underground & DLR","71.93920475"
"144","1","2022","31","2022-06-30T00:00:00.000","Underground & DLR","86.30268431"
"145","2","2022","28","2022-06-30T00:00:00.000","Underground & DLR","87.75874007"
"146","3","2022","31","2022-06-30T00:00:00.000","Underground & DLR","78.38485223"
"147","4","2022","30","2022-09-30T00:00:00.000","Underground & DLR","87.77907382"
"148","5","2022","31","2022-09-30T00:00:00.000","Underground & DLR","80.3174556"
"149","6","2022","30","2022-09-30T00:00:00.000","Underground & DLR","86.08141475"
"150","7","2022","31","2022-12-31T00:00:00.000","Underground & DLR","95.77307287"
"151","8","2022","31","2022-12-31T00:00:00.000","Underground & DLR","95.31413963"
"152","9","2022","30","2022-12-31T00:00:00.000","Underground & DLR","102.6669159"
"153","10","2022","31","2023-03-31T00:00:00.000","Underground & DLR","74.26269933"
"154","11","2022","30","2023-03-31T00:00:00.000","Underground & DLR","92.61881061"
"155","12","2022","31","2023-03-31T00:00:00.000","Underground & DLR","97.59914948"
"156","1","2010","31","2010-06-30T00:00:00.000","Bus","189.1146606"
"157","2","2010","28","2010-06-30T00:00:00.000","Bus","181.6047923"
"158","3","2010","31","2010-06-30T00:00:00.000","Bus","175.8831733"
"159","4","2010","30","2010-09-30T00:00:00.000","Bus","183.4280516"
"160","5","2010","31","2010-09-30T00:00:00.000","Bus","160.4227672"
"161","6","2010","30","2010-09-30T00:00:00.000","Bus","175.8073358"
"162","7","2010","31","2010-12-31T00:00:00.000","Bus","189.7979071"
"163","8","2010","31","2010-12-31T00:00:00.000","Bus","179.8809146"
"164","9","2010","30","2010-12-31T00:00:00.000","Bus","178.8450951"
"165","10","2010","31","2011-03-31T00:00:00.000","Bus","140.051899"
"166","11","2010","30","2011-03-31T00:00:00.000","Bus","183.0263399"
"167","12","2010","31","2011-03-31T00:00:00.000","Bus","177.1822043"
"168","1","2011","31","2011-06-30T00:00:00.000","Bus","183.7890695"
"169","2","2011","28","2011-06-30T00:00:00.000","Bus","186.1431198"
"170","3","2011","31","2011-06-30T00:00:00.000","Bus","181.6502126"
"171","4","2011","30","2011-09-30T00:00:00.000","Bus","186.6689899"
"172","5","2011","31","2011-09-30T00:00:00.000","Bus","161.0650796"
"173","6","2011","30","2011-09-30T00:00:00.000","Bus","173.899762"
"174","7","2011","31","2011-12-31T00:00:00.000","Bus","193.4086629"
"175","8","2011","31","2011-12-31T00:00:00.000","Bus","185.1585965"
"176","9","2011","30","2011-12-31T00:00:00.000","Bus","189.4425409"
"177","10","2011","31","2012-03-31T00:00:00.000","Bus","151.1920286"
"178","11","2011","30","2012-03-31T00:00:00.000","Bus","181.3792522"
"179","12","2011","31","2012-03-31T00:00:00.000","Bus","179.4957134"
"180","1","2012","31","2012-06-30T00:00:00.000","Bus","171.8478123"
"181","2","2012","29","2012-06-30T00:00:00.000","Bus","189.2119656"
"182","3","2012","31","2012-06-30T00:00:00.000","Bus","176.5380988"
"183","4","2012","30","2012-09-30T00:00:00.000","Bus","189.9110592"
"184","5","2012","31","2012-09-30T00:00:00.000","Bus","167.1383355"
"185","6","2012","30","2012-09-30T00:00:00.000","Bus","177.0473123"
"186","7","2012","31","2012-12-31T00:00:00.000","Bus","194.2151059"
"187","8","2012","31","2012-12-31T00:00:00.000","Bus","184.6723651"
"188","9","2012","30","2012-12-31T00:00:00.000","Bus","187.603801"
"189","10","2012","31","2013-03-31T00:00:00.000","Bus","151.9363269"
"190","11","2012","30","2013-03-31T00:00:00.000","Bus","178.1221944"
"191","12","2012","31","2013-03-31T00:00:00.000","Bus","180.2517954"
"192","1","2013","31","2013-06-30T00:00:00.000","Bus","171.634596"
"193","2","2013","28","2013-06-30T00:00:00.000","Bus","188.7783616"
"194","3","2013","31","2013-06-30T00:00:00.000","Bus","183.498908"
"195","4","2013","30","2013-09-30T00:00:00.000","Bus","190.1784043"
"196","5","2013","31","2013-09-30T00:00:00.000","Bus","166.3236541"
"197","6","2013","30","2013-09-30T00:00:00.000","Bus","173.6793093"
"198","7","2013","31","2013-12-31T00:00:00.000","Bus","194.5059853"
"199","8","2013","31","2013-12-31T00:00:00.000","Bus","186.3485597"
"200","9","2013","30","2013-12-31T00:00:00.000","Bus","193.2191911"
"201","10","2013","31","2014-03-31T00:00:00.000","Bus","155.1304078"
"202","11","2013","30","2014-03-31T00:00:00.000","Bus","186.6478788"
"203","12","2013","31","2014-03-31T00:00:00.000","Bus","185.6287836"
"204","1","2014","31","2014-06-30T00:00:00.000","Bus","164.1128984"
"205","2","2014","28","2014-06-30T00:00:00.000","Bus","192.7652362"
"206","3","2014","31","2014-06-30T00:00:00.000","Bus","188.0825198"
"207","4","2014","30","2014-09-30T00:00:00.000","Bus","191.1015715"
"208","5","2014","31","2014-09-30T00:00:00.000","Bus","169.2446588"
"209","6","2014","30","2014-09-30T00:00:00.000","Bus","176.5021254"
"210","7","2014","31","2014-12-31T00:00:00.000","Bus","198.7598134"
"211","8","2014","31","2014-12-31T00:00:00.000","Bus","190.1546904"
"212","9","2014","30","2014-12-31T00:00:00.000","Bus","195.6391849"
"213","10","2014","31","2015-03-31T00:00:00.000","Bus","156.8042458"
"214","11","2014","30","2015-03-31T00:00:00.000","Bus","178.2268004"
"215","12","2014","31","2015-03-31T00:00:00.000","Bus","176.2994552"
"216","1","2015","31","2015-06-30T00:00:00.000","Bus","203.3982894"
"217","2","2015","28","2015-06-30T00:00:00.000","Bus","180.4511754"
"218","3","2015","31","2015-06-30T00:00:00.000","Bus","189.8925395"
"219","4","2015","30","2015-09-30T00:00:00.000","Bus","182.5099453"
"220","5","2015","31","2015-09-30T00:00:00.000","Bus","162.2927649"
"221","6","2015","30","2015-09-30T00:00:00.000","Bus","175.0026654"
"222","7","2015","31","2015-12-31T00:00:00.000","Bus","190.7567215"
"223","8","2015","31","2015-12-31T00:00:00.000","Bus","181.1999349"
"224","9","2015","30","2015-12-31T00:00:00.000","Bus","186.6151484"
"225","10","2015","31","2016-03-31T00:00:00.000","Bus","147.1039225"
"226","11","2015","30","2016-03-31T00:00:00.000","Bus","179.5026361"
"227","12","2015","31","2016-03-31T00:00:00.000","Bus","175.9804637"
"228","1","2016","31","2016-06-30T00:00:00.000","Bus","189.2696946"
"229","2","2016","29","2016-06-30T00:00:00.000","Bus","181.877468"
"230","3","2016","31","2016-06-30T00:00:00.000","Bus","173.6442849"
"231","4","2016","30","2016-09-30T00:00:00.000","Bus","177.6993792"
"232","5","2016","31","2016-09-30T00:00:00.000","Bus","155.321431"
"233","6","2016","30","2016-09-30T00:00:00.000","Bus","166.3205143"
"234","7","2016","31","2016-12-31T00:00:00.000","Bus","186.9184053"
"235","8","2016","31","2016-12-31T00:00:00.000","Bus","176.6024622"
"236","9","2016","30","2016-12-31T00:00:00.000","Bus","182.6521273"
"237","10","2016","31","2017-03-31T00:00:00.000","Bus","145.7549356"
"238","11","2016","30","2017-03-31T00:00:00.000","Bus","174.4384818"
"239","12","2016","31","2017-03-31T00:00:00.000","Bus","172.9433928"
"240","1","2017","31","2017-06-30T00:00:00.000","Bus","172.5880603"
"241","2","2017","28","2017-06-30T00:00:00.000","Bus","182.263921"
"242","3","2017","31","2017-06-30T00:00:00.000","Bus","175.7759459"
"243","4","2017","30","2017-09-30T00:00:00.000","Bus","181.4774547"
"244","5","2017","31","2017-09-30T00:00:00.000","Bus","155.1018845"
"245","6","2017","30","2017-09-30T00:00:00.000","Bus","165.9884702"
"246","7","2017","31","2017-12-31T00:00:00.000","Bus","186.9083717"
"247","8","2017","31","2017-12-31T00:00:00.000","Bus","178.097614"
"248","9","2017","30","2017-12-31T00:00:00.000","Bus","183.7709394"
"249","10","2017","31","2018-03-31T00:00:00.000","Bus","145.0617339"
"250","11","2017","30","2018-03-31T00:00:00.000","Bus","175.2207321"
"251","12","2017","31","2018-03-31T00:00:00.000","Bus","168.6537267"
"252","1","2018","31","2018-06-30T00:00:00.000","Bus","165.8652481"
"253","2","2018","28","2018-06-30T00:00:00.000","Bus","179.6128231"
"254","3","2018","31","2018-06-30T00:00:00.000","Bus","173.8886094"
"255","4","2018","30","2018-09-30T00:00:00.000","Bus","177.7558703"
"256","5","2018","31","2018-09-30T00:00:00.000","Bus","151.5015641"
"257","6","2018","30","2018-09-30T00:00:00.000","Bus","162.1282351"
"258","7","2018","31","2018-12-31T00:00:00.000","Bus","183.7250794"
"259","8","2018","31","2018-12-31T00:00:00.000","Bus","175.1653687"
"260","9","2018","30","2018-12-31T00:00:00.000","Bus","180.5210914"
"261","10","2018","31","2019-03-31T00:00:00.000","Bus","144.857876"
"262","11","2018","30","2019-03-31T00:00:00.000","Bus","171.3353323"
"263","12","2018","31","2019-03-31T00:00:00.000","Bus","171.3055776"
"264","1","2019","31","2019-06-30T00:00:00.000","Bus","156.63758"
"265","2","2019","28","2019-06-30T00:00:00.000","Bus","175.2471373"
"266","3","2019","31","2019-06-30T00:00:00.000","Bus","171.3800179"
"267","4","2019","30","2019-09-30T00:00:00.000","Bus","176.9586057"
"268","5","2019","31","2019-09-30T00:00:00.000","Bus","149.8232367"
"269","6","2019","30","2019-09-30T00:00:00.000","Bus","159.7781831"
"270","7","2019","31","2019-12-31T00:00:00.000","Bus","179.3092965"
"271","8","2019","31","2019-12-31T00:00:00.000","Bus","168.9086314"
"272","9","2019","30","2019-12-31T00:00:00.000","Bus","176.2157208"
"273","10","2019","31","2020-03-31T00:00:00.000","Bus","140.9879969"
"274","11","2019","30","2020-03-31T00:00:00.000","Bus","169.4236583"
"275","12","2019","31","2020-03-31T00:00:00.000","Bus","165.1762223"
"276","1","2020","31","2020-06-30T00:00:00.000","Bus","30.22373646"
"277","2","2020","29","2020-06-30T00:00:00.000","Bus","32.4672429"
"278","3","2020","31","2020-06-30T00:00:00.000","Bus","46.95951983"
"279","4","2020","30","2020-09-30T00:00:00.000","Bus","66.66579493"
"280","5","2020","31","2020-09-30T00:00:00.000","Bus","75.17395979"
"281","6","2020","30","2020-09-30T00:00:00.000","Bus","94.76144428"
"282","7","2020","31","2020-12-31T00:00:00.000","Bus","101.9750272"
"283","8","2020","31","2020-12-31T00:00:00.000","Bus","88.85523703"
"284","9","2020","30","2020-12-31T00:00:00.000","Bus","88.99404731"
"285","10","2020","31","2021-03-31T00:00:00.000","Bus","57.48044274"
"286","11","2020","30","2021-03-31T00:00:00.000","Bus","51.62279978"
"287","12","2020","31","2021-03-31T00:00:00.000","Bus","56.89329743"
"288","1","2021","31","2021-06-30T00:00:00.000","Bus","95.9139842"
"289","2","2021","28","2021-06-30T00:00:00.000","Bus","104.2862393"
"290","3","2021","31","2021-06-30T00:00:00.000","Bus","106.9782457"
"291","4","2021","30","2021-09-30T00:00:00.000","Bus","109.1357947"
"292","5","2021","31","2021-09-30T00:00:00.000","Bus","98.81442361"
"293","6","2021","30","2021-09-30T00:00:00.000","Bus","115.5285252"
"294","7","2021","31","2021-12-31T00:00:00.000","Bus","130.1574945"
"295","8","2021","31","2021-12-31T00:00:00.000","Bus","125.3761971"
"296","9","2021","30","2021-12-31T00:00:00.000","Bus","131.3435068"
"297","10","2021","31","2022-03-31T00:00:00.000","Bus","95.1341721"
"298","11","2021","30","2022-03-31T00:00:00.000","Bus","123.5065039"
"299","12","2021","31","2022-03-31T00:00:00.000","Bus","127.7833297"
"300","1","2022","31","2022-06-30T00:00:00.000","Bus","134.9875548"
"301","2","2022","28","2022-06-30T00:00:00.000","Bus","140.4674372"
"302","3","2022","31","2022-06-30T00:00:00.000","Bus","138.0328727"
"303","4","2022","30","2022-09-30T00:00:00.000","Bus","137.8083418"
"304","5","2022","31","2022-09-30T00:00:00.000","Bus","122.4636054"
"305","6","2022","30","2022-09-30T00:00:00.000","Bus","132.881525"
"306","7","2022","31","2022-12-31T00:00:00.000","Bus","146.9544838"
"307","8","2022","31","2022-12-31T00:00:00.000","Bus","143.1045551"
"308","9","2022","30","2022-12-31T00:00:00.000","Bus","145.9953186"
"309","10","2022","31","2023-03-31T00:00:00.000","Bus","116.9117902"
"310","11","2022","30","2023-03-31T00:00:00.000","Bus","141.2852413"
"311","12","2022","31","2023-03-31T00:00:00.000","Bus","141.6020729"
"312","1","2010","31","2010-06-30T00:00:00.000","Tram","2.2877845"
"313","2","2010","28","2010-06-30T00:00:00.000","Tram","2.1547905"
"314","3","2010","31","2010-06-30T00:00:00.000","Tram","2.1291215"
"315","4","2010","30","2010-09-30T00:00:00.000","Tram","2.1419405"
"316","5","2010","31","2010-09-30T00:00:00.000","Tram","2.0084825"
"317","6","2010","30","2010-09-30T00:00:00.000","Tram","2.0267475"
"318","7","2010","31","2010-12-31T00:00:00.000","Tram","2.2727365"
"319","8","2010","31","2010-12-31T00:00:00.000","Tram","2.2050475"
"320","9","2010","30","2010-12-31T00:00:00.000","Tram","2.294527"
"321","10","2010","31","2011-03-31T00:00:00.000","Tram","1.8491465"
"322","11","2010","30","2011-03-31T00:00:00.000","Tram","2.140724"
"323","12","2010","31","2011-03-31T00:00:00.000","Tram","2.2221135"
"324","1","2011","31","2011-06-30T00:00:00.000","Tram","2.112539"
"325","2","2011","28","2011-06-30T00:00:00.000","Tram","2.243446"
"326","3","2011","31","2011-06-30T00:00:00.000","Tram","2.207762"
"327","4","2011","30","2011-09-30T00:00:00.000","Tram","2.282373"
"328","5","2011","31","2011-09-30T00:00:00.000","Tram","1.925193"
"329","6","2011","30","2011-09-30T00:00:00.000","Tram","2.149924"
"330","7","2011","31","2011-12-31T00:00:00.000","Tram","2.364217"
"331","8","2011","31","2011-12-31T00:00:00.000","Tram","2.308021"
"332","9","2011","30","2011-12-31T00:00:00.000","Tram","2.396722"
"333","10","2011","31","2012-03-31T00:00:00.000","Tram","1.92691"
"334","11","2011","30","2012-03-31T00:00:00.000","Tram","2.249438"
"335","12","2011","31","2012-03-31T00:00:00.000","Tram","2.028529"
"336","1","2012","31","2012-06-30T00:00:00.000","Tram","2.148610908"
"337","2","2012","29","2012-06-30T00:00:00.000","Tram","2.338405044"
"338","3","2012","31","2012-06-30T00:00:00.000","Tram","2.177143285"
"339","4","2012","30","2012-09-30T00:00:00.000","Tram","2.489121454"
"340","5","2012","31","2012-09-30T00:00:00.000","Tram","2.328187675"
"341","6","2012","30","2012-09-30T00:00:00.000","Tram","2.350059961"
"342","7","2012","31","2012-12-31T00:00:00.000","Tram","2.497070196"
"343","8","2012","31","2012-12-31T00:00:00.000","Tram","2.1722911"
"344","9","2012","30","2012-12-31T00:00:00.000","Tram","2.4633864"
"345","10","2012","31","2013-03-31T00:00:00.000","Tram","2.038857573"
"346","11","2012","30","2013-03-31T00:00:00.000","Tram","2.312969946"
"347","12","2012","31","2013-03-31T00:00:00.000","Tram","2.357240795"
"348","1","2013","31","2013-06-30T00:00:00.000","Tram","2.2857799"
"349","2","2013","28","2013-06-30T00:00:00.000","Tram","2.471114322"
"350","3","2013","31","2013-06-30T00:00:00.000","Tram","2.384661963"
"351","4","2013","30","2013-09-30T00:00:00.000","Tram","2.520668741"
"352","5","2013","31","2013-09-30T00:00:00.000","Tram","2.241317567"
"353","6","2013","30","2013-09-30T00:00:00.000","Tram","2.035954184"
"354","7","2013","31","2013-12-31T00:00:00.000","Tram","2.590109907"
"355","8","2013","31","2013-12-31T00:00:00.000","Tram","2.444683228"
"356","9","2013","30","2013-12-31T00:00:00.000","Tram","2.568597062"
"357","10","2013","31","2014-03-31T00:00:00.000","Tram","2.033851329"
"358","11","2013","30","2014-03-31T00:00:00.000","Tram","2.447911409"
"359","12","2013","31","2014-03-31T00:00:00.000","Tram","2.433560379"
"360","1","2014","31","2014-06-30T00:00:00.000","Tram","2.242393829"
"361","2","2014","28","2014-06-30T00:00:00.000","Tram","2.358107152"
"362","3","2014","31","2014-06-30T00:00:00.000","Tram","2.288241128"
"363","4","2014","30","2014-09-30T00:00:00.000","Tram","2.472438453"
"364","5","2014","31","2014-09-30T00:00:00.000","Tram","1.966043618"
"365","6","2014","30","2014-09-30T00:00:00.000","Tram","2.257142926"
"366","7","2014","31","2014-12-31T00:00:00.000","Tram","2.638905613"
"367","8","2014","31","2014-12-31T00:00:00.000","Tram","2.408685204"
"368","9","2014","30","2014-12-31T00:00:00.000","Tram","2.597320062"
"369","10","2014","31","2015-03-31T00:00:00.000","Tram","2.084920346"
"370","11","2014","30","2015-03-31T00:00:00.000","Tram","2.437836606"
"371","12","2014","31","2015-03-31T00:00:00.000","Tram","2.448465498"
"372","1","2015","31","2015-06-30T00:00:00.000","Tram","2.085206"
"373","2","2015","28","2015-06-30T00:00:00.000","Tram","2.009069"
"374","3","2015","31","2015-06-30T00:00:00.000","Tram","2.111567"
"375","4","2015","30","2015-09-30T00:00:00.000","Tram","2.174068"
"376","5","2015","31","2015-09-30T00:00:00.000","Tram","1.846514"
"377","6","2015","30","2015-09-30T00:00:00.000","Tram","2.025645"
"378","7","2015","31","2015-12-31T00:00:00.000","Tram","2.200561"
"379","8","2015","31","2015-12-31T00:00:00.000","Tram","2.16637"
"380","9","2015","30","2015-12-31T00:00:00.000","Tram","2.25369"
"381","10","2015","31","2016-03-31T00:00:00.000","Tram","1.848881"
"382","11","2015","30","2016-03-31T00:00:00.000","Tram","2.133401629"
"383","12","2015","31","2016-03-31T00:00:00.000","Tram","2.231009117"
"384","1","2016","31","2016-06-30T00:00:00.000","Tram","2.392990897"
"385","2","2016","29","2016-06-30T00:00:00.000","Tram","2.381151083"
"386","3","2016","31","2016-06-30T00:00:00.000","Tram","2.309534152"
"387","4","2016","30","2016-09-30T00:00:00.000","Tram","2.439134898"
"388","5","2016","31","2016-09-30T00:00:00.000","Tram","1.813009057"
"389","6","2016","30","2016-09-30T00:00:00.000","Tram","2.244757992"
"390","7","2016","31","2016-12-31T00:00:00.000","Tram","2.518967928"
"391","8","2016","31","2016-12-31T00:00:00.000","Tram","2.219800939"
"392","9","2016","30","2016-12-31T00:00:00.000","Tram","2.123296512"
"393","10","2016","31","2017-03-31T00:00:00.000","Tram","2.084239862"
"394","11","2016","30","2017-03-31T00:00:00.000","Tram","2.40832477"
"395","12","2016","31","2017-03-31T00:00:00.000","Tram","2.206987478"
"396","1","2017","31","2017-06-30T00:00:00.000","Tram","2.133444005"
"397","2","2017","28","2017-06-30T00:00:00.000","Tram","2.259733915"
"398","3","2017","31","2017-06-30T00:00:00.000","Tram","2.22733318"
"399","4","2017","30","2017-09-30T00:00:00.000","Tram","2.366947479"
"400","5","2017","31","2017-09-30T00:00:00.000","Tram","2.060928147"
"401","6","2017","30","2017-09-30T00:00:00.000","Tram","2.207812359"
"402","7","2017","31","2017-12-31T00:00:00.000","Tram","2.535750337"
"403","8","2017","31","2017-12-31T00:00:00.000","Tram","2.323729408"
"404","9","2017","30","2017-12-31T00:00:00.000","Tram","2.434063255"
"405","10","2017","31","2018-03-31T00:00:00.000","Tram","1.938765422"
"406","11","2017","30","2018-03-31T00:00:00.000","Tram","2.241396561"
"407","12","2017","31","2018-03-31T00:00:00.000","Tram","2.165873986"
"408","1","2018","31","2018-06-30T00:00:00.000","Tram","1.930794131"
"409","2","2018","28","2018-06-30T00:00:00.000","Tram","2.347233824"
"410","3","2018","31","2018-06-30T00:00:00.000","Tram","2.271671918"
"411","4","2018","30","2018-09-30T00:00:00.000","Tram","2.357244124"
"412","5","2018","31","2018-09-30T00:00:00.000","Tram","2.063891481"
"413","6","2018","30","2018-09-30T00:00:00.000","Tram","2.205294413"
"414","7","2018","31","2018-12-31T00:00:00.000","Tram","2.397660726"
"415","8","2018","31","2018-12-31T00:00:00.000","Tram","2.321038206"
"416","9","2018","30","2018-12-31T00:00:00.000","Tram","2.35507492"
"417","10","2018","31","2019-03-31T00:00:00.000","Tram","1.855491815"
"418","11","2018","30","2019-03-31T00:00:00.000","Tram","2.221696164"
"419","12","2018","31","2019-03-31T00:00:00.000","Tram","2.17577707"
"420","1","2019","31","2019-06-30T00:00:00.000","Tram","1.974102172"
"421","2","2019","28","2019-06-30T00:00:00.000","Tram","2.159410313"
"422","3","2019","31","2019-06-30T00:00:00.000","Tram","2.229806879"
"423","4","2019","30","2019-09-30T00:00:00.000","Tram","2.318362493"
"424","5","2019","31","2019-09-30T00:00:00.000","Tram","2.006081421"
"425","6","2019","30","2019-09-30T00:00:00.000","Tram","1.647323423"
"426","7","2019","31","2019-12-31T00:00:00.000","Tram","2.307972909"
"427","8","2019","31","2019-12-31T00:00:00.000","Tram","2.201839772"
"428","9","2019","30","2019-12-31T00:00:00.000","Tram","2.315897918"
"429","10","2019","31","2020-03-31T00:00:00.000","Tram","1.909165289"
"430","11","2019","30","2020-03-31T00:00:00.000","Tram","2.306802813"
"431","12","2019","31","2020-03-31T00:00:00.000","Tram","2.196717919"
"432","1","2020","31","2020-06-30T00:00:00.000","Tram","0.4409341027"
"433","2","2020","29","2020-06-30T00:00:00.000","Tram","0.4708111824"
"434","3","2020","31","2020-06-30T00:00:00.000","Tram","0.7047072514"
"435","4","2020","30","2020-09-30T00:00:00.000","Tram","1.000114417"
"436","5","2020","31","2020-09-30T00:00:00.000","Tram","1.03842435"
"437","6","2020","30","2020-09-30T00:00:00.000","Tram","1.217863616"
"438","7","2020","31","2020-12-31T00:00:00.000","Tram","1.386815393"
"439","8","2020","31","2020-12-31T00:00:00.000","Tram","1.027393231"
"440","9","2020","30","2020-12-31T00:00:00.000","Tram","1.130221658"
"441","10","2020","31","2021-03-31T00:00:00.000","Tram","0.7389538501"
"442","11","2020","30","2021-03-31T00:00:00.000","Tram","0.6680008889"
"443","12","2020","31","2021-03-31T00:00:00.000","Tram","0.7720590376"
"444","1","2021","31","2021-06-30T00:00:00.000","Tram","1.259912104"
"445","2","2021","28","2021-06-30T00:00:00.000","Tram","1.480810339"
"446","3","2021","31","2021-06-30T00:00:00.000","Tram","1.495872167"
"447","4","2021","30","2021-09-30T00:00:00.000","Tram","1.502612253"
"448","5","2021","31","2021-09-30T00:00:00.000","Tram","1.266967879"
"449","6","2021","30","2021-09-30T00:00:00.000","Tram","1.238905097"
"450","7","2021","31","2021-12-31T00:00:00.000","Tram","1.677421013"
"451","8","2021","31","2021-12-31T00:00:00.000","Tram","1.664439075"
"452","9","2021","30","2021-12-31T00:00:00.000","Tram","1.556498656"
"453","10","2021","31","2022-03-31T00:00:00.000","Tram","1.243865261"
"454","11","2021","30","2022-03-31T00:00:00.000","Tram","1.608317179"
"455","12","2021","31","2022-03-31T00:00:00.000","Tram","1.406886544"
"456","1","2022","31","2022-06-30T00:00:00.000","Tram","1.580049835"
"457","2","2022","28","2022-06-30T00:00:00.000","Tram","1.790680814"
"458","3","2022","31","2022-06-30T00:00:00.000","Tram","1.745495802"
"459","4","2022","30","2022-09-30T00:00:00.000","Tram","1.46955654"
"460","5","2022","31","2022-09-30T00:00:00.000","Tram","1.54454662"
"461","6","2022","30","2022-09-30T00:00:00.000","Tram","1.453775667"
"462","7","2022","31","2022-12-31T00:00:00.000","Tram","1.641060508"
"463","8","2022","31","2022-12-31T00:00:00.000","Tram","1.690798187"
"464","9","2022","30","2022-12-31T00:00:00.000","Tram","1.602802"
"465","10","2022","31","2023-03-31T00:00:00.000","Tram","1.295158"
"466","11","2022","30","2023-03-31T00:00:00.000","Tram","1.783315698"
"467","12","2022","31","2023-03-31T00:00:00.000","Tram","1.633231022"
"468","1","2010","31","2010-06-30T00:00:00.000","Overground",""
"469","2","2010","28","2010-06-30T00:00:00.000","Overground",""
"470","3","2010","31","2010-06-30T00:00:00.000","Overground",""
"471","4","2010","30","2010-09-30T00:00:00.000","Overground",""
"472","5","2010","31","2010-09-30T00:00:00.000","Overground",""
"473","6","2010","30","2010-09-30T00:00:00.000","Overground",""
"474","7","2010","31","2010-12-31T00:00:00.000","Overground",""
"475","8","2010","31","2010-12-31T00:00:00.000","Overground","5.634584968"
"476","9","2010","30","2010-12-31T00:00:00.000","Overground","5.437621108"
"477","10","2010","31","2011-03-31T00:00:00.000","Overground","3.482651646"
"478","11","2010","30","2011-03-31T00:00:00.000","Overground","5.243922841"
"479","12","2010","31","2011-03-31T00:00:00.000","Overground","5.154636957"
"480","1","2011","31","2011-06-30T00:00:00.000","Overground","6.255826688"
"481","2","2011","28","2011-06-30T00:00:00.000","Overground","6.435434169"
"482","3","2011","31","2011-06-30T00:00:00.000","Overground","6.939514058"
"483","4","2011","30","2011-09-30T00:00:00.000","Overground","7.583551011"
"484","5","2011","31","2011-09-30T00:00:00.000","Overground","7.652665925"
"485","6","2011","30","2011-09-30T00:00:00.000","Overground","7.681396324"
"486","7","2011","31","2011-12-31T00:00:00.000","Overground","8.698969452"
"487","8","2011","31","2011-12-31T00:00:00.000","Overground","8.802090147"
"488","9","2011","30","2011-12-31T00:00:00.000","Overground","9.017742087"
"489","10","2011","31","2012-03-31T00:00:00.000","Overground","6.882365476"
"490","11","2011","30","2012-03-31T00:00:00.000","Overground","8.701779664"
"491","12","2011","31","2012-03-31T00:00:00.000","Overground","8.816425055"
"492","1","2012","31","2012-06-30T00:00:00.000","Overground","8.530067297"
"493","2","2012","29","2012-06-30T00:00:00.000","Overground","8.870131388"
"494","3","2012","31","2012-06-30T00:00:00.000","Overground","8.568230412"
"495","4","2012","30","2012-09-30T00:00:00.000","Overground","8.871851218"
"496","5","2012","31","2012-09-30T00:00:00.000","Overground","10.50640562"
"497","6","2012","30","2012-09-30T00:00:00.000","Overground","9.825229929"
"498","7","2012","31","2012-12-31T00:00:00.000","Overground","9.666574601"
"499","8","2012","31","2012-12-31T00:00:00.000","Overground","9.847806267"
"500","9","2012","30","2012-12-31T00:00:00.000","Overground","9.991859874"
"501","10","2012","31","2013-03-31T00:00:00.000","Overground","8.214637796"
"502","11","2012","30","2013-03-31T00:00:00.000","Overground","10.18613218"
"503","12","2012","31","2013-03-31T00:00:00.000","Overground","10.73786676"
"504","1","2013","31","2013-06-30T00:00:00.000","Overground","10.27484354"
"505","2","2013","28","2013-06-30T00:00:00.000","Overground","10.33791163"
"506","3","2013","31","2013-06-30T00:00:00.000","Overground","10.90388008"
"507","4","2013","30","2013-09-30T00:00:00.000","Overground","11.32033596"
"508","5","2013","31","2013-09-30T00:00:00.000","Overground","10.57159315"
"509","6","2013","30","2013-09-30T00:00:00.000","Overground","10.35787157"
"510","7","2013","31","2013-12-31T00:00:00.000","Overground","11.21835925"
"511","8","2013","31","2013-12-31T00:00:00.000","Overground","9.58901815"
"512","9","2013","30","2013-12-31T00:00:00.000","Overground","10.62870273"
"513","10","2013","31","2014-03-31T00:00:00.000","Overground","8.142000786"
"514","11","2013","30","2014-03-31T00:00:00.000","Overground","10.30713502"
"515","12","2013","31","2014-03-31T00:00:00.000","Overground","10.80797722"
"516","1","2014","31","2014-06-30T00:00:00.000","Overground","9.721181807"
"517","2","2014","28","2014-06-30T00:00:00.000","Overground","10.53527559"
"518","3","2014","31","2014-06-30T00:00:00.000","Overground","10.49466896"
"519","4","2014","30","2014-09-30T00:00:00.000","Overground","10.7756373"
"520","5","2014","31","2014-09-30T00:00:00.000","Overground","10.64618227"
"521","6","2014","30","2014-09-30T00:00:00.000","Overground","10.81955554"
"522","7","2014","31","2014-12-31T00:00:00.000","Overground","10.84366212"
"523","8","2014","31","2014-12-31T00:00:00.000","Overground","11.04538765"
"524","9","2014","30","2014-12-31T00:00:00.000","Overground","11.23038825"
"525","10","2014","31","2015-03-31T00:00:00.000","Overground","8.668505227"
"526","11","2014","30","2015-03-31T00:00:00.000","Overground","11.35479264"
"527","12","2014","31","2015-03-31T00:00:00.000","Overground","11.08739821"
"528","1","2015","31","2015-06-30T00:00:00.000","Overground","13.32389054"
"529","2","2015","28","2015-06-30T00:00:00.000","Overground","11.81718347"
"530","3","2015","31","2015-06-30T00:00:00.000","Overground","14.68160573"
"531","4","2015","30","2015-09-30T00:00:00.000","Overground","14.86933322"
"532","5","2015","31","2015-09-30T00:00:00.000","Overground","13.76391107"
"533","6","2015","30","2015-09-30T00:00:00.000","Overground","13.93937148"
"534","7","2015","31","2015-12-31T00:00:00.000","Overground","15.65157073"
"535","8","2015","31","2015-12-31T00:00:00.000","Overground","15.53898643"
"536","9","2015","30","2015-12-31T00:00:00.000","Overground","15.75319307"
"537","10","2015","31","2016-03-31T00:00:00.000","Overground","11.31366562"
"538","11","2015","30","2016-03-31T00:00:00.000","Overground","15.39186469"
"539","12","2015","31","2016-03-31T00:00:00.000","Overground","14.49889317"
"540","1","2016","31","2016-06-30T00:00:00.000","Overground","15.64536191"
"541","2","2016","29","2016-06-30T00:00:00.000","Overground","14.43277766"
"542","3","2016","31","2016-06-30T00:00:00.000","Overground","13.77792909"
"543","4","2016","30","2016-09-30T00:00:00.000","Overground","14.13202587"
"544","5","2016","31","2016-09-30T00:00:00.000","Overground","13.74282798"
"545","6","2016","30","2016-09-30T00:00:00.000","Overground","14.18852051"
"546","7","2016","31","2016-12-31T00:00:00.000","Overground","15.23670263"
"547","8","2016","31","2016-12-31T00:00:00.000","Overground","15.43628028"
"548","9","2016","30","2016-12-31T00:00:00.000","Overground","15.69699568"
"549","10","2016","31","2017-03-31T00:00:00.000","Overground","11.98208519"
"550","11","2016","30","2017-03-31T00:00:00.000","Overground","14.83998874"
"551","12","2016","31","2017-03-31T00:00:00.000","Overground","14.6108366"
"552","1","2017","31","2017-06-30T00:00:00.000","Overground","14.72110999"
"553","2","2017","28","2017-06-30T00:00:00.000","Overground","14.83456338"
"554","3","2017","31","2017-06-30T00:00:00.000","Overground","14.38761568"
"555","4","2017","30","2017-09-30T00:00:00.000","Overground","14.98989134"
"556","5","2017","31","2017-09-30T00:00:00.000","Overground","14.44132847"
"557","6","2017","30","2017-09-30T00:00:00.000","Overground","14.54848112"
"558","7","2017","31","2017-12-31T00:00:00.000","Overground","15.59906054"
"559","8","2017","31","2017-12-31T00:00:00.000","Overground","15.44275651"
"560","9","2017","30","2017-12-31T00:00:00.000","Overground","15.51043386"
"561","10","2017","31","2018-03-31T00:00:00.000","Overground","11.55572814"
"562","11","2017","30","2018-03-31T00:00:00.000","Overground","14.82053681"
"563","12","2017","31","2018-03-31T00:00:00.000","Overground","14.13058085"
"564","1","2018","31","2018-06-30T00:00:00.000","Overground","14.68761425"
"565","2","2018","28","2018-06-30T00:00:00.000","Overground","14.41798508"
"566","3","2018","31","2018-06-30T00:00:00.000","Overground","14.25590317"
"567","4","2018","30","2018-09-30T00:00:00.000","Overground","14.83663807"
"568","5","2018","31","2018-09-30T00:00:00.000","Overground","14.04167186"
"569","6","2018","30","2018-09-30T00:00:00.000","Overground","14.14925828"
"570","7","2018","31","2018-12-31T00:00:00.000","Overground","15.8087653"
"571","8","2018","31","2018-12-31T00:00:00.000","Overground","15.63294442"
"572","9","2018","30","2018-12-31T00:00:00.000","Overground","15.59287265"
"573","10","2018","31","2019-03-31T00:00:00.000","Overground","11.58278136"
"574","11","2018","30","2019-03-31T00:00:00.000","Overground","14.47152417"
"575","12","2018","31","2019-03-31T00:00:00.000","Overground","14.40872535"
"576","1","2019","31","2019-06-30T00:00:00.000","Overground","13.88291925"
"577","2","2019","28","2019-06-30T00:00:00.000","Overground","14.15696308"
"578","3","2019","31","2019-06-30T00:00:00.000","Overground","13.79133005"
"579","4","2019","30","2019-09-30T00:00:00.000","Overground","14.83199116"
"580","5","2019","31","2019-09-30T00:00:00.000","Overground","12.94871815"
"581","6","2019","30","2019-09-30T00:00:00.000","Overground","13.52311989"
"582","7","2019","31","2019-12-31T00:00:00.000","Overground","17.82063199"
"583","8","2019","31","2019-12-31T00:00:00.000","Overground","17.1082871"
"584","9","2019","30","2019-12-31T00:00:00.000","Overground","15.83140693"
"585","10","2019","31","2020-03-31T00:00:00.000","Overground","10.58719779"
"586","11","2019","30","2020-03-31T00:00:00.000","Overground","14.05691148"
"587","12","2019","31","2020-03-31T00:00:00.000","Overground","15.60820526"
"588","1","2020","31","2020-06-30T00:00:00.000","Overground","0.9996926779"
"589","2","2020","29","2020-06-30T00:00:00.000","Overground","1.491889551"
"590","3","2020","31","2020-06-30T00:00:00.000","Overground","2.797743723"
"591","4","2020","30","2020-09-30T00:00:00.000","Overground","4.490086172"
"592","5","2020","31","2020-09-30T00:00:00.000","Overground","5.073182347"
"593","6","2020","30","2020-09-30T00:00:00.000","Overground","6.61931978"
"594","7","2020","31","2020-12-31T00:00:00.000","Overground","8.455669045"
"595","8","2020","31","2020-12-31T00:00:00.000","Overground","7.080423369"
"596","9","2020","30","2020-12-31T00:00:00.000","Overground","6.61382143"
"597","10","2020","31","2021-03-31T00:00:00.000","Overground","3.192937975"
"598","11","2020","30","2021-03-31T00:00:00.000","Overground","3.499736136"
"599","12","2020","31","2021-03-31T00:00:00.000","Overground","4.38364971"
"600","1","2021","31","2021-06-30T00:00:00.000","Overground","8.647541589"
"601","2","2021","28","2021-06-30T00:00:00.000","Overground","7.686087707"
"602","3","2021","31","2021-06-30T00:00:00.000","Overground","7.777896583"
"603","4","2021","30","2021-09-30T00:00:00.000","Overground","10.14764205"
"604","5","2021","31","2021-09-30T00:00:00.000","Overground","8.574371395"
"605","6","2021","30","2021-09-30T00:00:00.000","Overground","10.599299"
"606","7","2021","31","2021-12-31T00:00:00.000","Overground","12.47350367"
"607","8","2021","31","2021-12-31T00:00:00.000","Overground","11.58683787"
"608","9","2021","30","2021-12-31T00:00:00.000","Overground","12.20710486"
"609","10","2021","31","2022-03-31T00:00:00.000","Overground","6.727379039"
"610","11","2021","30","2022-03-31T00:00:00.000","Overground","9.968767686"
"611","12","2021","31","2022-03-31T00:00:00.000","Overground","10.68208527"
"612","1","2022","31","2022-06-30T00:00:00.000","Overground","11.975279"
"613","2","2022","28","2022-06-30T00:00:00.000","Overground","12.8878644"
"614","3","2022","31","2022-06-30T00:00:00.000","Overground","11.08386334"
"615","4","2022","30","2022-09-30T00:00:00.000","Overground","12.50552727"
"616","5","2022","31","2022-09-30T00:00:00.000","Overground","10.02445314"
"617","6","2022","30","2022-09-30T00:00:00.000","Overground","12.3020443"
"618","7","2022","31","2022-12-31T00:00:00.000","Overground","12.47575723"
"619","8","2022","31","2022-12-31T00:00:00.000","Overground","13.25191663"
"620","9","2022","30","2022-12-31T00:00:00.000","Overground","13.99023093"
"621","10","2022","31","2023-03-31T00:00:00.000","Overground","6.868347355"
"622","11","2022","30","2023-03-31T00:00:00.000","Overground","13.13690025"
"623","12","2022","31","2023-03-31T00:00:00.000","Overground","13.36432424"
"624","1","2010","31","2010-06-30T00:00:00.000","Emirates Airline",""
"625","2","2010","28","2010-06-30T00:00:00.000","Emirates Airline",""
"626","3","2010","31","2010-06-30T00:00:00.000","Emirates Airline",""
"627","4","2010","30","2010-09-30T00:00:00.000","Emirates Airline",""
"628","5","2010","31","2010-09-30T00:00:00.000","Emirates Airline",""
"629","6","2010","30","2010-09-30T00:00:00.000","Emirates Airline",""
"630","7","2010","31","2010-12-31T00:00:00.000","Emirates Airline",""
"631","8","2010","31","2010-12-31T00:00:00.000","Emirates Airline",""
"632","9","2010","30","2010-12-31T00:00:00.000","Emirates Airline",""
"633","10","2010","31","2011-03-31T00:00:00.000","Emirates Airline",""
"634","11","2010","30","2011-03-31T00:00:00.000","Emirates Airline",""
"635","12","2010","31","2011-03-31T00:00:00.000","Emirates Airline",""
"636","1","2011","31","2011-06-30T00:00:00.000","Emirates Airline",""
"637","2","2011","28","2011-06-30T00:00:00.000","Emirates Airline",""
"638","3","2011","31","2011-06-30T00:00:00.000","Emirates Airline",""
"639","4","2011","30","2011-09-30T00:00:00.000","Emirates Airline",""
"640","5","2011","31","2011-09-30T00:00:00.000","Emirates Airline",""
"641","6","2011","30","2011-09-30T00:00:00.000","Emirates Airline",""
"642","7","2011","31","2011-12-31T00:00:00.000","Emirates Airline",""
"643","8","2011","31","2011-12-31T00:00:00.000","Emirates Airline",""
"644","9","2011","30","2011-12-31T00:00:00.000","Emirates Airline",""
"645","10","2011","31","2012-03-31T00:00:00.000","Emirates Airline",""
"646","11","2011","30","2012-03-31T00:00:00.000","Emirates Airline",""
"647","12","2011","31","2012-03-31T00:00:00.000","Emirates Airline",""
"648","1","2012","31","2012-06-30T00:00:00.000","Emirates Airline",""
"649","2","2012","29","2012-06-30T00:00:00.000","Emirates Airline",""
"650","3","2012","31","2012-06-30T00:00:00.000","Emirates Airline",""
"651","4","2012","30","2012-09-30T00:00:00.000","Emirates Airline","0.236025"
"652","5","2012","31","2012-09-30T00:00:00.000","Emirates Airline","0.534218"
"653","6","2012","30","2012-09-30T00:00:00.000","Emirates Airline","0.381347"
"654","7","2012","31","2012-12-31T00:00:00.000","Emirates Airline","0.163217"
"655","8","2012","31","2012-12-31T00:00:00.000","Emirates Airline","0.181075"
"656","9","2012","30","2012-12-31T00:00:00.000","Emirates Airline","0.119806"
"657","10","2012","31","2013-03-31T00:00:00.000","Emirates Airline","0.11049"
"658","11","2012","30","2013-03-31T00:00:00.000","Emirates Airline","0.072604"
"659","12","2012","31","2013-03-31T00:00:00.000","Emirates Airline","0.11707"
"660","1","2013","31","2013-06-30T00:00:00.000","Emirates Airline","0.138309"
"661","2","2013","28","2013-06-30T00:00:00.000","Emirates Airline","0.128717"
"662","3","2013","31","2013-06-30T00:00:00.000","Emirates Airline","0.141628"
"663","4","2013","30","2013-09-30T00:00:00.000","Emirates Airline","0.151723"
"664","5","2013","31","2013-09-30T00:00:00.000","Emirates Airline","0.194817"
"665","6","2013","30","2013-09-30T00:00:00.000","Emirates Airline","0.168135"
"666","7","2013","31","2013-12-31T00:00:00.000","Emirates Airline","0.104226"
"667","8","2013","31","2013-12-31T00:00:00.000","Emirates Airline","0.099083"
"668","9","2013","30","2013-12-31T00:00:00.000","Emirates Airline","0.076424"
"669","10","2013","31","2014-03-31T00:00:00.000","Emirates Airline","0.068595"
"670","11","2013","30","2014-03-31T00:00:00.000","Emirates Airline","0.067098"
"671","12","2013","31","2014-03-31T00:00:00.000","Emirates Airline","0.084601"
"672","1","2014","31","2014-06-30T00:00:00.000","Emirates Airline","0.144542"
"673","2","2014","28","2014-06-30T00:00:00.000","Emirates Airline","0.107946"
"674","3","2014","31","2014-06-30T00:00:00.000","Emirates Airline","0.133305"
"675","4","2014","30","2014-09-30T00:00:00.000","Emirates Airline","0.124303"
"676","5","2014","31","2014-09-30T00:00:00.000","Emirates Airline","0.178233"
"677","6","2014","30","2014-09-30T00:00:00.000","Emirates Airline","0.170343"
"678","7","2014","31","2014-12-31T00:00:00.000","Emirates Airline","0.112802"
"679","8","2014","31","2014-12-31T00:00:00.000","Emirates Airline","0.127104"
"680","9","2014","30","2014-12-31T00:00:00.000","Emirates Airline","0.090387"
"681","10","2014","31","2015-03-31T00:00:00.000","Emirates Airline","0.093527"
"682","11","2014","30","2015-03-31T00:00:00.000","Emirates Airline","0.074935"
"683","12","2014","31","2015-03-31T00:00:00.000","Emirates Airline","0.115311"
"684","1","2015","31","2015-06-30T00:00:00.000","Emirates Airline","0.163774"
"685","2","2015","28","2015-06-30T00:00:00.000","Emirates Airline","0.145261"
"686","3","2015","31","2015-06-30T00:00:00.000","Emirates Airline","0.12034"
"687","4","2015","30","2015-09-30T00:00:00.000","Emirates Airline","0.146784"
"688","5","2015","31","2015-09-30T00:00:00.000","Emirates Airline","0.192611"
"689","6","2015","30","2015-09-30T00:00:00.000","Emirates Airline","0.123068"
"690","7","2015","31","2015-12-31T00:00:00.000","Emirates Airline","0.118785"
"691","8","2015","31","2015-12-31T00:00:00.000","Emirates Airline","0.139655"
"692","9","2015","30","2015-12-31T00:00:00.000","Emirates Airline","0.052531"
"693","10","2015","31","2016-03-31T00:00:00.000","Emirates Airline","0.08393"
"694","11","2015","30","2016-03-31T00:00:00.000","Emirates Airline","0.0740649435"
"695","12","2015","31","2016-03-31T00:00:00.000","Emirates Airline","0.1089143375"
"696","1","2016","31","2016-06-30T00:00:00.000","Emirates Airline","0.140012"
"697","2","2016","29","2016-06-30T00:00:00.000","Emirates Airline","0.128865825"
"698","3","2016","31","2016-06-30T00:00:00.000","Emirates Airline","0.112962"
"699","4","2016","30","2016-09-30T00:00:00.000","Emirates Airline","0.132425"
"700","5","2016","31","2016-09-30T00:00:00.000","Emirates Airline","0.182303"
"701","6","2016","30","2016-09-30T00:00:00.000","Emirates Airline","0.136297"
"702","7","2016","31","2016-12-31T00:00:00.000","Emirates Airline","0.09988225"
"703","8","2016","31","2016-12-31T00:00:00.000","Emirates Airline","0.118994"
"704","9","2016","30","2016-12-31T00:00:00.000","Emirates Airline","0.080307"
"705","10","2016","31","2017-03-31T00:00:00.000","Emirates Airline","0.092992"
"706","11","2016","30","2017-03-31T00:00:00.000","Emirates Airline","0.07872"
"707","12","2016","31","2017-03-31T00:00:00.000","Emirates Airline","0.108992"
"708","1","2017","31","2017-06-30T00:00:00.000","Emirates Airline","0.1556929776"
"709","2","2017","28","2017-06-30T00:00:00.000","Emirates Airline","0.1134019914"
"710","3","2017","31","2017-06-30T00:00:00.000","Emirates Airline","0.1131988499"
"711","4","2017","30","2017-09-30T00:00:00.000","Emirates Airline","0.129216"
"712","5","2017","31","2017-09-30T00:00:00.000","Emirates Airline","0.179892"
"713","6","2017","30","2017-09-30T00:00:00.000","Emirates Airline","0.121204"
"714","7","2017","31","2017-12-31T00:00:00.000","Emirates Airline","0.0974124"
"715","8","2017","31","2017-12-31T00:00:00.000","Emirates Airline","0.112178"
"716","9","2017","30","2017-12-31T00:00:00.000","Emirates Airline","0.075648"
"717","10","2017","31","2018-03-31T00:00:00.000","Emirates Airline","0.064841"
"718","11","2017","30","2018-03-31T00:00:00.000","Emirates Airline","0.065853"
"719","12","2017","31","2018-03-31T00:00:00.000","Emirates Airline","0.091732"
"720","1","2018","31","2018-06-30T00:00:00.000","Emirates Airline","0.120445"
"721","2","2018","28","2018-06-30T00:00:00.000","Emirates Airline","0.112407"
"722","3","2018","31","2018-06-30T00:00:00.000","Emirates Airline","0.111652"
"723","4","2018","30","2018-09-30T00:00:00.000","Emirates Airline","0.118382"
"724","5","2018","31","2018-09-30T00:00:00.000","Emirates Airline","0.156557"
"725","6","2018","30","2018-09-30T00:00:00.000","Emirates Airline","0.123294"
"726","7","2018","31","2018-12-31T00:00:00.000","Emirates Airline","0.089514"
"727","8","2018","31","2018-12-31T00:00:00.000","Emirates Airline","0.124189"
"728","9","2018","30","2018-12-31T00:00:00.000","Emirates Airline","0.072416"
"729","10","2018","31","2019-03-31T00:00:00.000","Emirates Airline","0.090213"
"730","11","2018","30","2019-03-31T00:00:00.000","Emirates Airline","0.063434"
"731","12","2018","31","2019-03-31T00:00:00.000","Emirates Airline","0.098609"
"732","1","2019","31","2019-06-30T00:00:00.000","Emirates Airline","0.113705"
"733","2","2019","28","2019-06-30T00:00:00.000","Emirates Airline","0.101827"
"734","3","2019","31","2019-06-30T00:00:00.000","Emirates Airline","0.111004"
"735","4","2019","30","2019-09-30T00:00:00.000","Emirates Airline","0.111299"
"736","5","2019","31","2019-09-30T00:00:00.000","Emirates Airline","0.140624"
"737","6","2019","30","2019-09-30T00:00:00.000","Emirates Airline","0.132138"
"738","7","2019","31","2019-12-31T00:00:00.000","Emirates Airline","0.08751"
"739","8","2019","31","2019-12-31T00:00:00.000","Emirates Airline","0.104711"
"740","9","2019","30","2019-12-31T00:00:00.000","Emirates Airline","0.075864"
"741","10","2019","31","2020-03-31T00:00:00.000","Emirates Airline","0.086786"
"742","11","2019","30","2020-03-31T00:00:00.000","Emirates Airline","0.060013"
"743","12","2019","31","2020-03-31T00:00:00.000","Emirates Airline","0.061136"
"744","1","2020","31","2020-06-30T00:00:00.000","Emirates Airline","0.000169"
"745","2","2020","29","2020-06-30T00:00:00.000","Emirates Airline","0.004978"
"746","3","2020","31","2020-06-30T00:00:00.000","Emirates Airline","0.015716"
"747","4","2020","30","2020-09-30T00:00:00.000","Emirates Airline","0.030059"
"748","5","2020","31","2020-09-30T00:00:00.000","Emirates Airline","0.060884"
"749","6","2020","30","2020-09-30T00:00:00.000","Emirates Airline","0.062419"
"750","7","2020","31","2020-12-31T00:00:00.000","Emirates Airline","0.039569"
"751","8","2020","31","2020-12-31T00:00:00.000","Emirates Airline","0.033097"
"752","9","2020","30","2020-12-31T00:00:00.000","Emirates Airline","0.02052"
"753","10","2020","31","2021-03-31T00:00:00.000","Emirates Airline","0.029085"
"754","11","2020","30","2021-03-31T00:00:00.000","Emirates Airline","0.018906"
"755","12","2020","31","2021-03-31T00:00:00.000","Emirates Airline","0.050903"
"756","1","2021","31","2021-06-30T00:00:00.000","Emirates Airline","0.145264"
"757","2","2021","28","2021-06-30T00:00:00.000","Emirates Airline","0.056832"
"758","3","2021","31","2021-06-30T00:00:00.000","Emirates Airline","0.112039"
"759","4","2021","30","2021-09-30T00:00:00.000","Emirates Airline","0.104728"
"760","5","2021","31","2021-09-30T00:00:00.000","Emirates Airline","0.18938"
"761","6","2021","30","2021-09-30T00:00:00.000","Emirates Airline","0.163673"
"762","7","2021","31","2021-12-31T00:00:00.000","Emirates Airline","0.096853"
"763","8","2021","31","2021-12-31T00:00:00.000","Emirates Airline","0.117665"
"764","9","2021","30","2021-12-31T00:00:00.000","Emirates Airline","0.073496"
"765","10","2021","31","2022-03-31T00:00:00.000","Emirates Airline","0.093056"
"766","11","2021","30","2022-03-31T00:00:00.000","Emirates Airline","0.063676"
"767","12","2021","31","2022-03-31T00:00:00.000","Emirates Airline","0.082282"
"768","1","2022","31","2022-06-30T00:00:00.000","Emirates Airline","0.130421"
"769","2","2022","28","2022-06-30T00:00:00.000","Emirates Airline","0.116952"
"770","3","2022","31","2022-06-30T00:00:00.000","Emirates Airline","0.146054"
"771","4","2022","30","2022-09-30T00:00:00.000","Emirates Airline","0.128628"
"772","5","2022","31","2022-09-30T00:00:00.000","Emirates Airline","0.186278"
"773","6","2022","30","2022-09-30T00:00:00.000","Emirates Airline","0.149744"
"774","7","2022","31","2022-12-31T00:00:00.000","Emirates Airline","0.108961"
"775","8","2022","31","2022-12-31T00:00:00.000","Emirates Airline","0.121923"
"776","9","2022","30","2022-12-31T00:00:00.000","Emirates Airline","0.056559"
"777","10","2022","31","2023-03-31T00:00:00.000","Emirates Airline","0.095808"
"778","11","2022","30","2023-03-31T00:00:00.000","Emirates Airline","0.077991"
"779","12","2022","31","2023-03-31T00:00:00.000","Emirates Airline","0.116734"
"780","1","2010","31","2010-06-30T00:00:00.000","TfL Rail",""
"781","2","2010","28","2010-06-30T00:00:00.000","TfL Rail",""
"782","3","2010","31","2010-06-30T00:00:00.000","TfL Rail",""
"783","4","2010","30","2010-09-30T00:00:00.000","TfL Rail",""
"784","5","2010","31","2010-09-30T00:00:00.000","TfL Rail",""
"785","6","2010","30","2010-09-30T00:00:00.000","TfL Rail",""
"786","7","2010","31","2010-12-31T00:00:00.000","TfL Rail",""
"787","8","2010","31","2010-12-31T00:00:00.000","TfL Rail",""
"788","9","2010","30","2010-12-31T00:00:00.000","TfL Rail",""
"789","10","2010","31","2011-03-31T00:00:00.000","TfL Rail",""
"790","11","2010","30","2011-03-31T00:00:00.000","TfL Rail",""
"791","12","2010","31","2011-03-31T00:00:00.000","TfL Rail",""
"792","1","2011","31","2011-06-30T00:00:00.000","TfL Rail",""
"793","2","2011","28","2011-06-30T00:00:00.000","TfL Rail",""
"794","3","2011","31","2011-06-30T00:00:00.000","TfL Rail",""
"795","4","2011","30","2011-09-30T00:00:00.000","TfL Rail",""
"796","5","2011","31","2011-09-30T00:00:00.000","TfL Rail",""
"797","6","2011","30","2011-09-30T00:00:00.000","TfL Rail",""
"798","7","2011","31","2011-12-31T00:00:00.000","TfL Rail",""
"799","8","2011","31","2011-12-31T00:00:00.000","TfL Rail",""
"800","9","2011","30","2011-12-31T00:00:00.000","TfL Rail",""
"801","10","2011","31","2012-03-31T00:00:00.000","TfL Rail",""
"802","11","2011","30","2012-03-31T00:00:00.000","TfL Rail",""
"803","12","2011","31","2012-03-31T00:00:00.000","TfL Rail",""
"804","1","2012","31","2012-06-30T00:00:00.000","TfL Rail",""
"805","2","2012","29","2012-06-30T00:00:00.000","TfL Rail",""
"806","3","2012","31","2012-06-30T00:00:00.000","TfL Rail",""
"807","4","2012","30","2012-09-30T00:00:00.000","TfL Rail",""
"808","5","2012","31","2012-09-30T00:00:00.000","TfL Rail",""
"809","6","2012","30","2012-09-30T00:00:00.000","TfL Rail",""
"810","7","2012","31","2012-12-31T00:00:00.000","TfL Rail",""
"811","8","2012","31","2012-12-31T00:00:00.000","TfL Rail",""
"812","9","2012","30","2012-12-31T00:00:00.000","TfL Rail",""
"813","10","2012","31","2013-03-31T00:00:00.000","TfL Rail",""
"814","11","2012","30","2013-03-31T00:00:00.000","TfL Rail",""
"815","12","2012","31","2013-03-31T00:00:00.000","TfL Rail",""
"816","1","2013","31","2013-06-30T00:00:00.000","TfL Rail",""
"817","2","2013","28","2013-06-30T00:00:00.000","TfL Rail",""
"818","3","2013","31","2013-06-30T00:00:00.000","TfL Rail",""
"819","4","2013","30","2013-09-30T00:00:00.000","TfL Rail",""
"820","5","2013","31","2013-09-30T00:00:00.000","TfL Rail",""
"821","6","2013","30","2013-09-30T00:00:00.000","TfL Rail",""
"822","7","2013","31","2013-12-31T00:00:00.000","TfL Rail",""
"823","8","2013","31","2013-12-31T00:00:00.000","TfL Rail",""
"824","9","2013","30","2013-12-31T00:00:00.000","TfL Rail",""
"825","10","2013","31","2014-03-31T00:00:00.000","TfL Rail",""
"826","11","2013","30","2014-03-31T00:00:00.000","TfL Rail",""
"827","12","2013","31","2014-03-31T00:00:00.000","TfL Rail",""
"828","1","2014","31","2014-06-30T00:00:00.000","TfL Rail","2.854854521"
"829","2","2014","28","2014-06-30T00:00:00.000","TfL Rail",""
"830","3","2014","31","2014-06-30T00:00:00.000","TfL Rail",""
"831","4","2014","30","2014-09-30T00:00:00.000","TfL Rail",""
"832","5","2014","31","2014-09-30T00:00:00.000","TfL Rail",""
"833","6","2014","30","2014-09-30T00:00:00.000","TfL Rail",""
"834","7","2014","31","2014-12-31T00:00:00.000","TfL Rail",""
"835","8","2014","31","2014-12-31T00:00:00.000","TfL Rail",""
"836","9","2014","30","2014-12-31T00:00:00.000","TfL Rail",""
"837","10","2014","31","2015-03-31T00:00:00.000","TfL Rail",""
"838","11","2014","30","2015-03-31T00:00:00.000","TfL Rail",""
"839","12","2014","31","2015-03-31T00:00:00.000","TfL Rail",""
"840","1","2015","31","2015-06-30T00:00:00.000","TfL Rail",""
"841","2","2015","28","2015-06-30T00:00:00.000","TfL Rail",""
"842","3","2015","31","2015-06-30T00:00:00.000","TfL Rail","3.619042039"
"843","4","2015","30","2015-09-30T00:00:00.000","TfL Rail","3.774568028"
"844","5","2015","31","2015-09-30T00:00:00.000","TfL Rail","3.670933403"
"845","6","2015","30","2015-09-30T00:00:00.000","TfL Rail","3.733603486"
"846","7","2015","31","2015-12-31T00:00:00.000","TfL Rail","4.143011094"
"847","8","2015","31","2015-12-31T00:00:00.000","TfL Rail","4.150729505"
"848","9","2015","30","2015-12-31T00:00:00.000","TfL Rail","4.179697757"
"849","10","2015","31","2016-03-31T00:00:00.000","TfL Rail","2.964734366"
"850","11","2015","30","2016-03-31T00:00:00.000","TfL Rail","3.767157214"
"851","12","2015","31","2016-03-31T00:00:00.000","TfL Rail","3.234045687"
"852","1","2016","31","2016-06-30T00:00:00.000","TfL Rail","3.99836286"
"853","2","2016","29","2016-06-30T00:00:00.000","TfL Rail","3.694140364"
"854","3","2016","31","2016-06-30T00:00:00.000","TfL Rail","3.508856093"
"855","4","2016","30","2016-09-30T00:00:00.000","TfL Rail","3.808085695"
"856","5","2016","31","2016-09-30T00:00:00.000","TfL Rail","3.588850528"
"857","6","2016","30","2016-09-30T00:00:00.000","TfL Rail","3.469032082"
"858","7","2016","31","2016-12-31T00:00:00.000","TfL Rail","3.738489267"
"859","8","2016","31","2016-12-31T00:00:00.000","TfL Rail","3.826849348"
"860","9","2016","30","2016-12-31T00:00:00.000","TfL Rail","4.011194419"
"861","10","2016","31","2017-03-31T00:00:00.000","TfL Rail","3.324919393"
"862","11","2016","30","2017-03-31T00:00:00.000","TfL Rail","3.768952394"
"863","12","2016","31","2017-03-31T00:00:00.000","TfL Rail","3.586700892"
"864","1","2017","31","2017-06-30T00:00:00.000","TfL Rail","3.290075087"
"865","2","2017","28","2017-06-30T00:00:00.000","TfL Rail","3.516487515"
"866","3","2017","31","2017-06-30T00:00:00.000","TfL Rail","3.38090789"
"867","4","2017","30","2017-09-30T00:00:00.000","TfL Rail","3.708985052"
"868","5","2017","31","2017-09-30T00:00:00.000","TfL Rail","3.465754813"
"869","6","2017","30","2017-09-30T00:00:00.000","TfL Rail","3.295722397"
"870","7","2017","31","2017-12-31T00:00:00.000","TfL Rail","3.838819483"
"871","8","2017","31","2017-12-31T00:00:00.000","TfL Rail","3.734557827"
"872","9","2017","30","2017-12-31T00:00:00.000","TfL Rail","3.878285941"
"873","10","2017","31","2018-03-31T00:00:00.000","TfL Rail","2.872382665"
"874","11","2017","30","2018-03-31T00:00:00.000","TfL Rail","3.676614535"
"875","12","2017","31","2018-03-31T00:00:00.000","TfL Rail","3.379773701"
"876","1","2018","31","2018-06-30T00:00:00.000","TfL Rail","3.546085812"
"877","2","2018","28","2018-06-30T00:00:00.000","TfL Rail","3.67820478"
"878","3","2018","31","2018-06-30T00:00:00.000","TfL Rail","4.167131236"
"879","4","2018","30","2018-09-30T00:00:00.000","TfL Rail","4.478725836"
"880","5","2018","31","2018-09-30T00:00:00.000","TfL Rail","4.104271931"
"881","6","2018","30","2018-09-30T00:00:00.000","TfL Rail","4.140986788"
"882","7","2018","31","2018-12-31T00:00:00.000","TfL Rail","4.722366976"
"883","8","2018","31","2018-12-31T00:00:00.000","TfL Rail","4.684184207"
"884","9","2018","30","2018-12-31T00:00:00.000","TfL Rail","4.62602119"
"885","10","2018","31","2019-03-31T00:00:00.000","TfL Rail","3.859436726"
"886","11","2018","30","2019-03-31T00:00:00.000","TfL Rail","4.56039029"
"887","12","2018","31","2019-03-31T00:00:00.000","TfL Rail","4.397425641"
"888","1","2019","31","2019-06-30T00:00:00.000","TfL Rail","4.323124821"
"889","2","2019","28","2019-06-30T00:00:00.000","TfL Rail","4.47809398"
"890","3","2019","31","2019-06-30T00:00:00.000","TfL Rail","4.385749612"
"891","4","2019","30","2019-09-30T00:00:00.000","TfL Rail","4.628816499"
"892","5","2019","31","2019-09-30T00:00:00.000","TfL Rail","4.281006498"
"893","6","2019","30","2019-09-30T00:00:00.000","TfL Rail","4.260005959"
"894","7","2019","31","2019-12-31T00:00:00.000","TfL Rail","4.861940962"
"895","8","2019","31","2019-12-31T00:00:00.000","TfL Rail","4.895068741"
"896","9","2019","30","2019-12-31T00:00:00.000","TfL Rail","4.963376783"
"897","10","2019","31","2020-03-31T00:00:00.000","TfL Rail","4.346181188"
"898","11","2019","30","2020-03-31T00:00:00.000","TfL Rail","5.668711093"
"899","12","2019","31","2020-03-31T00:00:00.000","TfL Rail","5.240511429"
"900","1","2020","31","2020-06-30T00:00:00.000","TfL Rail","0.5946148387"
"901","2","2020","29","2020-06-30T00:00:00.000","TfL Rail","0.7002181766"
"902","3","2020","31","2020-06-30T00:00:00.000","TfL Rail","1.15834799"
"903","4","2020","30","2020-09-30T00:00:00.000","TfL Rail","1.636938471"
"904","5","2020","31","2020-09-30T00:00:00.000","TfL Rail","1.951687613"
"905","6","2020","30","2020-09-30T00:00:00.000","TfL Rail","2.221982734"
"906","7","2020","31","2020-12-31T00:00:00.000","TfL Rail","2.47825691"
"907","8","2020","31","2020-12-31T00:00:00.000","TfL Rail","2.123956284"
"908","9","2020","30","2020-12-31T00:00:00.000","TfL Rail","2.076430425"
"909","10","2020","31","2021-03-31T00:00:00.000","TfL Rail","1.218441048"
"910","11","2020","30","2021-03-31T00:00:00.000","TfL Rail","1.154206467"
"911","12","2020","31","2021-03-31T00:00:00.000","TfL Rail","1.363278027"
"912","1","2021","31","2021-06-30T00:00:00.000","TfL Rail","2.120411056"
"913","2","2021","28","2021-06-30T00:00:00.000","TfL Rail","2.312614833"
"914","3","2021","31","2021-06-30T00:00:00.000","TfL Rail","2.714845605"
"915","4","2021","30","2021-09-30T00:00:00.000","TfL Rail","2.806712186"
"916","5","2021","31","2021-09-30T00:00:00.000","TfL Rail","2.8"
"917","6","2021","30","2021-09-30T00:00:00.000","TfL Rail","3.097643"
"918","7","2021","31","2021-12-31T00:00:00.000","TfL Rail","3.7"
"919","8","2021","31","2021-12-31T00:00:00.000","TfL Rail","3.7"
"920","9","2021","30","2021-12-31T00:00:00.000","TfL Rail","3.3"
"921","10","2021","31","2022-03-31T00:00:00.000","TfL Rail","2.4"
"922","11","2021","30","2022-03-31T00:00:00.000","TfL Rail","3.2"
"923","12","2021","31","2022-03-31T00:00:00.000","TfL Rail","3.1"
"924","1","2022","31","2022-06-30T00:00:00.000","TfL Rail","4.3747"
"925","2","2022","28","2022-06-30T00:00:00.000","TfL Rail","5.496774"
"926","3","2022","31","2022-06-30T00:00:00.000","TfL Rail","8.062123"
"927","4","2022","30","2022-09-30T00:00:00.000","TfL Rail","11.627377"
"928","5","2022","31","2022-09-30T00:00:00.000","TfL Rail","9.177708"
"929","6","2022","30","2022-09-30T00:00:00.000","TfL Rail","9.780669"
"930","7","2022","31","2022-12-31T00:00:00.000","TfL Rail","11.049603"
"931","8","2022","31","2022-12-31T00:00:00.000","TfL Rail","12.51585"
"932","9","2022","30","2022-12-31T00:00:00.000","TfL Rail","15.223201"
"933","10","2022","31","2023-03-31T00:00:00.000","TfL Rail","8.875033"
"934","11","2022","30","2023-03-31T00:00:00.000","TfL Rail","13.40484"
"935","12","2022","31","2023-03-31T00:00:00.000","TfL Rail","14.041961"